{
  "tiers": [
    {
      "total_exp_required": 0,
      "groups": [
        {
          "num_to_select": 1,
          "trades": [
            {
              "wants": [
                {
                  "item": "minecraft:wool:0",
                  "quantity": 18,
                  "price_multiplier": 0.05
                }
              ],
              "gives": [
                {
                  "item": "minecraft:emerald",
                  "quantity": 1
                }
              ],
              "trader_exp": 1,
              "max_uses": 9999,
              "reward_exp": true
            },
            {
              "wants": [
                {
                  "item": "minecraft:wool:7",
                  "quantity": 18,
                  "price_multiplier": 0.05
                }
              ],
              "gives": [
                {
                  "item": "minecraft:emerald",
                  "quantity": 1
                }
              ],
              "trader_exp": 1,
              "max_uses": 9999,
              "reward_exp": true
            },
            {
              "wants": [
                {
                  "item": "minecraft:wool:12",
                  "quantity": 18,
                  "price_multiplier": 0.05
                }
              ],
              "gives": [
                {
                  "item": "minecraft:emerald",
                  "quantity": 1
                }
              ],
              "trader_exp": 1,
              "max_uses": 9999,
              "reward_exp": true
            },
            {
              "wants": [
                {
                  "item": "minecraft:wool:15",
                  "quantity": 18,
                  "price_multiplier": 0.05
                }
              ],
              "gives": [
                {
                  "item": "minecraft:emerald",
                  "quantity": 1
                }
              ],
              "trader_exp": 1,
              "max_uses": 9999,
              "reward_exp": true
            }
          ]
        },
        {
          "num_to_select": 1,
          "trades": [
            {
              "wants": [
                {
                  "item": "minecraft:emerald",
                  "quantity": 2,
                  "price_multiplier": 0.05
                }
              ],
              "gives": [
                {
                  "item": "minecraft:shears",
                  "quantity": 1
                }
              ],
              "trader_exp": 2,
              "max_uses": 9999,
              "reward_exp": true
            }
          ]
        }
      ]
    },
    {
      "total_exp_required": 10,
      "groups": [
        {
          "num_to_select": 1,
          "trades": [
            {
              "wants": [
                {
                  "item": "minecraft:dye:12",
                  "quantity": 12,
                  "price_multiplier": 0.05
                }
              ],
              "gives": [
                {
                  "item": "minecraft:emerald",
                  "quantity": 1
                }
              ],
              "trader_exp": 5,
              "max_uses": 9999,
              "reward_exp": true
            },
            {
              "wants": [
                {
                  "item": "minecraft:dye:14",
                  "quantity": 12,
                  "price_multiplier": 0.05
                }
              ],
              "gives": [
                {
                  "item": "minecraft:emerald",
                  "quantity": 1
                }
              ],
              "trader_exp": 5,
              "max_uses": 9999,
              "reward_exp": true
            },
            {
              "wants": [
                {
                  "item": "minecraft:dye:5",
                  "quantity": 12,
                  "price_multiplier": 0.05
                }
              ],
              "gives": [
                {
                  "item": "minecraft:emerald",
                  "quantity": 1
                }
              ],
              "trader_exp": 5,
              "max_uses": 9999,
              "reward_exp": true
            },
            {
              "wants": [
                {
                  "item": "minecraft:dye:16",
                  "quantity": 12,
                  "price_multiplier": 0.05
                }
              ],
              "gives": [
                {
                  "item": "minecraft:emerald",
                  "quantity": 1
                }
              ],
              "trader_exp": 5,
              "max_uses": 9999,
              "reward_exp": true
            },
            {
              "wants": [
                {
                  "item": "minecraft:dye:17",
                  "quantity": 12,
                  "price_multiplier": 0.05
                }
              ],
              "gives": [
                {
                  "item": "minecraft:emerald",
                  "quantity": 1
                }
              ],
              "trader_exp": 5,
              "max_uses": 9999,
              "reward_exp": true
            }
          ]
        },
        {
          "num_to_select": 1,
          "trades": [
            {
              "wants": [
                {
                  "item": "minecraft:emerald",
                  "quantity": 1,
                  "price_multiplier": 0.05
                }
              ],
              "gives": [
                {
                  "item": "minecraft:wool:0",
                  "quantity": 1
                }
              ],
              "trader_exp": 10,
              "max_uses": 9999,
              "reward_exp": true
            },
            {
              "wants": [
                {
                  "item": "minecraft:emerald",
                  "quantity": 1,
                  "price_multiplier": 0.05
                }
              ],
              "gives": [
                {
                  "item": "minecraft:wool:1",
                  "quantity": 1
                }
              ],
              "trader_exp": 10,
              "max_uses": 9999,
              "reward_exp": true
            },
            {
              "wants": [
                {
                  "item": "minecraft:emerald",
                  "quantity": 1,
                  "price_multiplier": 0.05
                }
              ],
              "gives": [
                {
                  "item": "minecraft:wool:2",
                  "quantity": 1
                }
              ],
              "trader_exp": 10,
              "max_uses": 9999,
              "reward_exp": true
            },
            {
              "wants": [
                {
                  "item": "minecraft:emerald",
                  "quantity": 1,
                  "price_multiplier": 0.05
                }
              ],
              "gives": [
                {
                  "item": "minecraft:wool:3",
                  "quantity": 1
                }
              ],
              "trader_exp": 10,
              "max_uses": 9999,
              "reward_exp": true
            },
            {
              "wants": [
                {
                  "item": "minecraft:emerald",
                  "quantity": 1,
                  "price_multiplier": 0.05
                }
              ],
              "gives": [
                {
                  "item": "minecraft:wool:4",
                  "quantity": 1
                }
              ],
              "trader_exp": 10,
              "max_uses": 9999,
              "reward_exp": true
            },
            {
              "wants": [
                {
                  "item": "minecraft:emerald",
                  "quantity": 1,
                  "price_multiplier": 0.05
                }
              ],
              "gives": [
                {
                  "item": "minecraft:wool:5",
                  "quantity": 1
                }
              ],
              "trader_exp": 10,
              "max_uses": 9999,
              "reward_exp": true
            },
            {
              "wants": [
                {
                  "item": "minecraft:emerald",
                  "quantity": 1,
                  "price_multiplier": 0.05
                }
              ],
              "gives": [
                {
                  "item": "minecraft:wool:6",
                  "quantity": 1
                }
              ],
              "trader_exp": 10,
              "max_uses": 9999,
              "reward_exp": true
            },
            {
              "wants": [
                {
                  "item": "minecraft:emerald",
                  "quantity": 1,
                  "price_multiplier": 0.05
                }
              ],
              "gives": [
                {
                  "item": "minecraft:wool:7",
                  "quantity": 1
                }
              ],
              "trader_exp": 10,
              "max_uses": 9999,
              "reward_exp": true
            },
            {
              "wants": [
                {
                  "item": "minecraft:emerald",
                  "quantity": 1,
                  "price_multiplier": 0.05
                }
              ],
              "gives": [
                {
                  "item": "minecraft:wool:8",
                  "quantity": 1
                }
              ],
              "trader_exp": 10,
              "max_uses": 9999,
              "reward_exp": true
            },
            {
              "wants": [
                {
                  "item": "minecraft:emerald",
                  "quantity": 1,
                  "price_multiplier": 0.05
                }
              ],
              "gives": [
                {
                  "item": "minecraft:wool:9",
                  "quantity": 1
                }
              ],
              "trader_exp": 10,
              "max_uses": 9999,
              "reward_exp": true
            },
            {
              "wants": [
                {
                  "item": "minecraft:emerald",
                  "quantity": 1,
                  "price_multiplier": 0.05
                }
              ],
              "gives": [
                {
                  "item": "minecraft:wool:10",
                  "quantity": 1
                }
              ],
              "trader_exp": 10,
              "max_uses": 9999,
              "reward_exp": true
            },
            {
              "wants": [
                {
                  "item": "minecraft:emerald",
                  "quantity": 1,
                  "price_multiplier": 0.05
                }
              ],
              "gives": [
                {
                  "item": "minecraft:wool:11",
                  "quantity": 1
                }
              ],
              "trader_exp": 10,
              "max_uses": 9999,
              "reward_exp": true
            },
            {
              "wants": [
                {
                  "item": "minecraft:emerald",
                  "quantity": 1,
                  "price_multiplier": 0.05
                }
              ],
              "gives": [
                {
                  "item": "minecraft:wool:12",
                  "quantity": 1
                }
              ],
              "trader_exp": 10,
              "max_uses": 9999,
              "reward_exp": true
            },
            {
              "wants": [
                {
                  "item": "minecraft:emerald",
                  "quantity": 1,
                  "price_multiplier": 0.05
                }
              ],
              "gives": [
                {
                  "item": "minecraft:wool:13",
                  "quantity": 1
                }
              ],
              "trader_exp": 10,
              "max_uses": 9999,
              "reward_exp": true
            },
            {
              "wants": [
                {
                  "item": "minecraft:emerald",
                  "quantity": 1,
                  "price_multiplier": 0.05
                }
              ],
              "gives": [
                {
                  "item": "minecraft:wool:14",
                  "quantity": 1
                }
              ],
              "trader_exp": 10,
              "max_uses": 9999,
              "reward_exp": true
            },
            {
              "wants": [
                {
                  "item": "minecraft:emerald",
                  "quantity": 1,
                  "price_multiplier": 0.05
                }
              ],
              "gives": [
                {
                  "item": "minecraft:wool:15",
                  "quantity": 1
                }
              ],
              "trader_exp": 10,
              "max_uses": 9999,
              "reward_exp": true
            },
            {
              "wants": [
                {
                  "item": "minecraft:emerald",
                  "quantity": 1,
                  "price_multiplier": 0.05
                }
              ],
              "gives": [
                {
                  "item": "minecraft:carpet:0",
                  "quantity": 4
                }
              ],
              "trader_exp": 10,
              "max_uses": 9999,
              "reward_exp": true
            },
            {
              "wants": [
                {
                  "item": "minecraft:emerald",
                  "quantity": 1,
                  "price_multiplier": 0.05
                }
              ],
              "gives": [
                {
                  "item": "minecraft:carpet:1",
                  "quantity": 4
                }
              ],
              "trader_exp": 10,
              "max_uses": 9999,
              "reward_exp": true
            },
            {
              "wants": [
                {
                  "item": "minecraft:emerald",
                  "quantity": 1,
                  "price_multiplier": 0.05
                }
              ],
              "gives": [
                {
                  "item": "minecraft:carpet:2",
                  "quantity": 4
                }
              ],
              "trader_exp": 10,
              "max_uses": 9999,
              "reward_exp": true
            },
            {
              "wants": [
                {
                  "item": "minecraft:emerald",
                  "quantity": 1,
                  "price_multiplier": 0.05
                }
              ],
              "gives": [
                {
                  "item": "minecraft:carpet:3",
                  "quantity": 4
                }
              ],
              "trader_exp": 10,
              "max_uses": 9999,
              "reward_exp": true
            },
            {
              "wants": [
                {
                  "item": "minecraft:emerald",
                  "quantity": 1,
                  "price_multiplier": 0.05
                }
              ],
              "gives": [
                {
                  "item": "minecraft:carpet:4",
                  "quantity": 4
                }
              ],
              "trader_exp": 10,
              "max_uses": 9999,
              "reward_exp": true
            },
            {
              "wants": [
                {
                  "item": "minecraft:emerald",
                  "quantity": 1,
                  "price_multiplier": 0.05
                }
              ],
              "gives": [
                {
                  "item": "minecraft:carpet:5",
                  "quantity": 4
                }
              ],
              "trader_exp": 10,
              "max_uses": 9999,
              "reward_exp": true
            },
            {
              "wants": [
                {
                  "item": "minecraft:emerald",
                  "quantity": 1,
                  "price_multiplier": 0.05
                }
              ],
              "gives": [
                {
                  "item": "minecraft:carpet:6",
                  "quantity": 4
                }
              ],
              "trader_exp": 10,
              "max_uses": 9999,
              "reward_exp": true
            },
            {
              "wants": [
                {
                  "item": "minecraft:emerald",
                  "quantity": 1,
                  "price_multiplier": 0.05
                }
              ],
              "gives": [
                {
                  "item": "minecraft:carpet:7",
                  "quantity": 4
                }
              ],
              "trader_exp": 10,
              "max_uses": 9999,
              "reward_exp": true
            },
            {
              "wants": [
                {
                  "item": "minecraft:emerald",
                  "quantity": 1,
                  "price_multiplier": 0.05
                }
              ],
              "gives": [
                {
                  "item": "minecraft:carpet:8",
                  "quantity": 4
                }
              ],
              "trader_exp": 10,
              "max_uses": 9999,
              "reward_exp": true
            },
            {
              "wants": [
                {
                  "item": "minecraft:emerald",
                  "quantity": 1,
                  "price_multiplier": 0.05
                }
              ],
              "gives": [
                {
                  "item": "minecraft:carpet:9",
                  "quantity": 4
                }
              ],
              "trader_exp": 10,
              "max_uses": 9999,
              "reward_exp": true
            },
            {
              "wants": [
                {
                  "item": "minecraft:emerald",
                  "quantity": 1,
                  "price_multiplier": 0.05
                }
              ],
              "gives": [
                {
                  "item": "minecraft:carpet:10",
                  "quantity": 4
                }
              ],
              "trader_exp": 10,
              "max_uses": 9999,
              "reward_exp": true
            },
            {
              "wants": [
                {
                  "item": "minecraft:emerald",
                  "quantity": 1,
                  "price_multiplier": 0.05
                }
              ],
              "gives": [
                {
                  "item": "minecraft:carpet:11",
                  "quantity": 4
                }
              ],
              "trader_exp": 10,
              "max_uses": 9999,
              "reward_exp": true
            },
            {
              "wants": [
                {
                  "item": "minecraft:emerald",
                  "quantity": 1,
                  "price_multiplier": 0.05
                }
              ],
              "gives": [
                {
                  "item": "minecraft:carpet:12",
                  "quantity": 4
                }
              ],
              "trader_exp": 10,
              "max_uses": 9999,
              "reward_exp": true
            },
            {
              "wants": [
                {
                  "item": "minecraft:emerald",
                  "quantity": 1,
                  "price_multiplier": 0.05
                }
              ],
              "gives": [
                {
                  "item": "minecraft:carpet:13",
                  "quantity": 4
                }
              ],
              "trader_exp": 10,
              "max_uses": 9999,
              "reward_exp": true
            },
            {
              "wants": [
                {
                  "item": "minecraft:emerald",
                  "quantity": 1,
                  "price_multiplier": 0.05
                }
              ],
              "gives": [
                {
                  "item": "minecraft:carpet:14",
                  "quantity": 4
                }
              ],
              "trader_exp": 10,
              "max_uses": 9999,
              "reward_exp": true
            },
            {
              "wants": [
                {
                  "item": "minecraft:emerald",
                  "quantity": 1,
                  "price_multiplier": 0.05
                }
              ],
              "gives": [
                {
                  "item": "minecraft:carpet:15",
                  "quantity": 4
                }
              ],
              "trader_exp": 10,
              "max_uses": 9999,
              "reward_exp": true
            }
          ]
        }
      ]
    },
    {
      "total_exp_required": 60,
      "groups": [
        {
          "num_to_select": 1,
          "trades": [
            {
              "wants": [
                {
                  "item": "minecraft:dye:10",
                  "quantity": 12,
                  "price_multiplier": 0.05
                }
              ],
              "gives": [
                {
                  "item": "minecraft:emerald",
                  "quantity": 1
                }
              ],
              "trader_exp": 10,
              "max_uses": 9999,
              "reward_exp": true
            },
            {
              "wants": [
                {
                  "item": "minecraft:dye:6",
                  "quantity": 12,
                  "price_multiplier": 0.05
                }
              ],
              "gives": [
                {
                  "item": "minecraft:emerald",
                  "quantity": 1
                }
              ],
              "trader_exp": 10,
              "max_uses": 9999,
              "reward_exp": true
            },
            {
              "wants": [
                {
                  "item": "minecraft:dye:8",
                  "quantity": 12,
                  "price_multiplier": 0.05
                }
              ],
              "gives": [
                {
                  "item": "minecraft:emerald",
                  "quantity": 1
                }
              ],
              "trader_exp": 10,
              "max_uses": 9999,
              "reward_exp": true
            },
            {
              "wants": [
                {
                  "item": "minecraft:dye:19",
                  "quantity": 12,
                  "price_multiplier": 0.05
                }
              ],
              "gives": [
                {
                  "item": "minecraft:emerald",
                  "quantity": 1
                }
              ],
              "trader_exp": 10,
              "max_uses": 9999,
              "reward_exp": true
            },
            {
              "wants": [
                {
                  "item": "minecraft:dye:2",
                  "quantity": 12,
                  "price_multiplier": 0.05
                }
              ],
              "gives": [
                {
                  "item": "minecraft:emerald",
                  "quantity": 1
                }
              ],
              "trader_exp": 10,
              "max_uses": 9999,
              "reward_exp": true
            }
          ]
        },
        {
          "num_to_select": 1,
          "trades": [
            {
              "wants": [
                {
                  "item": "minecraft:emerald",
                  "quantity": 3,
                  "price_multiplier": 0.05
                }
              ],
              "gives": [
                {
                  "item": "minecraft:bed:0",
                  "quantity": 1
                }
              ],
              "trader_exp": 20,
              "max_uses": 9999,
              "reward_exp": true
            },
            {
              "wants": [
                {
                  "item": "minecraft:emerald",
                  "quantity": 3,
                  "price_multiplier": 0.05
                }
              ],
              "gives": [
                {
                  "item": "minecraft:bed:1",
                  "quantity": 1
                }
              ],
              "trader_exp": 20,
              "max_uses": 9999,
              "reward_exp": true
            },
            {
              "wants": [
                {
                  "item": "minecraft:emerald",
                  "quantity": 3,
                  "price_multiplier": 0.05
                }
              ],
              "gives": [
                {
                  "item": "minecraft:bed:2",
                  "quantity": 1
                }
              ],
              "trader_exp": 20,
              "max_uses": 9999,
              "reward_exp": true
            },
            {
              "wants": [
                {
                  "item": "minecraft:emerald",
                  "quantity": 3,
                  "price_multiplier": 0.05
                }
              ],
              "gives": [
                {
                  "item": "minecraft:bed:3",
                  "quantity": 1
                }
              ],
              "trader_exp": 20,
              "max_uses": 9999,
              "reward_exp": true
            },
            {
              "wants": [
                {
                  "item": "minecraft:emerald",
                  "quantity": 3,
                  "price_multiplier": 0.05
                }
              ],
              "gives": [
                {
                  "item": "minecraft:bed:4",
                  "quantity": 1
                }
              ],
              "trader_exp": 20,
              "max_uses": 9999,
              "reward_exp": true
            },
            {
              "wants": [
                {
                  "item": "minecraft:emerald",
                  "quantity": 3,
                  "price_multiplier": 0.05
                }
              ],
              "gives": [
                {
                  "item": "minecraft:bed:5",
                  "quantity": 1
                }
              ],
              "trader_exp": 20,
              "max_uses": 9999,
              "reward_exp": true
            },
            {
              "wants": [
                {
                  "item": "minecraft:emerald",
                  "quantity": 3,
                  "price_multiplier": 0.05
                }
              ],
              "gives": [
                {
                  "item": "minecraft:bed:6",
                  "quantity": 1
                }
              ],
              "trader_exp": 20,
              "max_uses": 9999,
              "reward_exp": true
            },
            {
              "wants": [
                {
                  "item": "minecraft:emerald",
                  "quantity": 3,
                  "price_multiplier": 0.05
                }
              ],
              "gives": [
                {
                  "item": "minecraft:bed:7",
                  "quantity": 1
                }
              ],
              "trader_exp": 20,
              "max_uses": 9999,
              "reward_exp": true
            },
            {
              "wants": [
                {
                  "item": "minecraft:emerald",
                  "quantity": 3,
                  "price_multiplier": 0.05
                }
              ],
              "gives": [
                {
                  "item": "minecraft:bed:8",
                  "quantity": 1
                }
              ],
              "trader_exp": 20,
              "max_uses": 9999,
              "reward_exp": true
            },
            {
              "wants": [
                {
                  "item": "minecraft:emerald",
                  "quantity": 3,
                  "price_multiplier": 0.05
                }
              ],
              "gives": [
                {
                  "item": "minecraft:bed:9",
                  "quantity": 1
                }
              ],
              "trader_exp": 20,
              "max_uses": 9999,
              "reward_exp": true
            },
            {
              "wants": [
                {
                  "item": "minecraft:emerald",
                  "quantity": 3,
                  "price_multiplier": 0.05
                }
              ],
              "gives": [
                {
                  "item": "minecraft:bed:10",
                  "quantity": 1
                }
              ],
              "trader_exp": 20,
              "max_uses": 9999,
              "reward_exp": true
            },
            {
              "wants": [
                {
                  "item": "minecraft:emerald",
                  "quantity": 3,
                  "price_multiplier": 0.05
                }
              ],
              "gives": [
                {
                  "item": "minecraft:bed:11",
                  "quantity": 1
                }
              ],
              "trader_exp": 20,
              "max_uses": 9999,
              "reward_exp": true
            },
            {
              "wants": [
                {
                  "item": "minecraft:emerald",
                  "quantity": 3,
                  "price_multiplier": 0.05
                }
              ],
              "gives": [
                {
                  "item": "minecraft:bed:12",
                  "quantity": 1
                }
              ],
              "trader_exp": 20,
              "max_uses": 9999,
              "reward_exp": true
            },
            {
              "wants": [
                {
                  "item": "minecraft:emerald",
                  "quantity": 3,
                  "price_multiplier": 0.05
                }
              ],
              "gives": [
                {
                  "item": "minecraft:bed:13",
                  "quantity": 1
                }
              ],
              "trader_exp": 20,
              "max_uses": 9999,
              "reward_exp": true
            },
            {
              "wants": [
                {
                  "item": "minecraft:emerald",
                  "quantity": 3,
                  "price_multiplier": 0.05
                }
              ],
              "gives": [
                {
                  "item": "minecraft:bed:14",
                  "quantity": 1
                }
              ],
              "trader_exp": 20,
              "max_uses": 9999,
              "reward_exp": true
            },
            {
              "wants": [
                {
                  "item": "minecraft:emerald",
                  "quantity": 3,
                  "price_multiplier": 0.05
                }
              ],
              "gives": [
                {
                  "item": "minecraft:bed:15",
                  "quantity": 1
                }
              ],
              "trader_exp": 20,
              "max_uses": 9999,
              "reward_exp": true
            }
          ]
        }
      ]
    },
    {
      "total_exp_required": 160,
      "groups": [
        {
          "num_to_select": 1,
          "trades": [
            {
              "wants": [
                {
                  "item": "minecraft:dye:11",
                  "quantity": 12,
                  "price_multiplier": 0.05
                }
              ],
              "gives": [
                {
                  "item": "minecraft:emerald",
                  "quantity": 1
                }
              ],
              "trader_exp": 15,
              "max_uses": 9999,
              "reward_exp": true
            },
            {
              "wants": [
                {
                  "item": "minecraft:dye:1",
                  "quantity": 12,
                  "price_multiplier": 0.05
                }
              ],
              "gives": [
                {
                  "item": "minecraft:emerald",
                  "quantity": 1
                }
              ],
              "trader_exp": 15,
              "max_uses": 9999,
              "reward_exp": true
            },
            {
              "wants": [
                {
                  "item": "minecraft:dye:7",
                  "quantity": 12,
                  "price_multiplier": 0.05
                }
              ],
              "gives": [
                {
                  "item": "minecraft:emerald",
                  "quantity": 1
                }
              ],
              "trader_exp": 15,
              "max_uses": 9999,
              "reward_exp": true
            },
            {
              "wants": [
                {
                  "item": "minecraft:dye:13",
                  "quantity": 12,
                  "price_multiplier": 0.05
                }
              ],
              "gives": [
                {
                  "item": "minecraft:emerald",
                  "quantity": 1
                }
              ],
              "trader_exp": 15,
              "max_uses": 9999,
              "reward_exp": true
            },
            {
              "wants": [
                {
                  "item": "minecraft:dye:18",
                  "quantity": 12,
                  "price_multiplier": 0.05
                }
              ],
              "gives": [
                {
                  "item": "minecraft:emerald",
                  "quantity": 1
                }
              ],
              "trader_exp": 15,
              "max_uses": 9999,
              "reward_exp": true
            },
            {
              "wants": [
                {
                  "item": "minecraft:dye:9",
                  "quantity": 12,
                  "price_multiplier": 0.05
                }
              ],
              "gives": [
                {
                  "item": "minecraft:emerald",
                  "quantity": 1
                }
              ],
              "trader_exp": 15,
              "max_uses": 9999,
              "reward_exp": true
            }
          ]
        },
        {
          "num_to_select": 1,
          "trades": [
            {
              "wants": [
                {
                  "item": "minecraft:emerald",
                  "quantity": 3,
                  "price_multiplier": 0.05
                }
              ],
              "gives": [
                {
                  "item": "minecraft:banner:0",
                  "quantity": 1
                }
              ],
              "trader_exp": 30,
              "max_uses": 9999,
              "reward_exp": true
            },
            {
              "wants": [
                {
                  "item": "minecraft:emerald",
                  "quantity": 3,
                  "price_multiplier": 0.05
                }
              ],
              "gives": [
                {
                  "item": "minecraft:banner:1",
                  "quantity": 1
                }
              ],
              "trader_exp": 30,
              "max_uses": 9999,
              "reward_exp": true
            },
            {
              "wants": [
                {
                  "item": "minecraft:emerald",
                  "quantity": 3,
                  "price_multiplier": 0.05
                }
              ],
              "gives": [
                {
                  "item": "minecraft:banner:2",
                  "quantity": 1
                }
              ],
              "trader_exp": 30,
              "max_uses": 9999,
              "reward_exp": true
            },
            {
              "wants": [
                {
                  "item": "minecraft:emerald",
                  "quantity": 3,
                  "price_multiplier": 0.05
                }
              ],
              "gives": [
                {
                  "item": "minecraft:banner:3",
                  "quantity": 1
                }
              ],
              "trader_exp": 30,
              "max_uses": 9999,
              "reward_exp": true
            },
            {
              "wants": [
                {
                  "item": "minecraft:emerald",
                  "quantity": 3,
                  "price_multiplier": 0.05
                }
              ],
              "gives": [
                {
                  "item": "minecraft:banner:4",
                  "quantity": 1
                }
              ],
              "trader_exp": 30,
              "max_uses": 9999,
              "reward_exp": true
            },
            {
              "wants": [
                {
                  "item": "minecraft:emerald",
                  "quantity": 3,
                  "price_multiplier": 0.05
                }
              ],
              "gives": [
                {
                  "item": "minecraft:banner:5",
                  "quantity": 1
                }
              ],
              "trader_exp": 30,
              "max_uses": 9999,
              "reward_exp": true
            },
            {
              "wants": [
                {
                  "item": "minecraft:emerald",
                  "quantity": 3,
                  "price_multiplier": 0.05
                }
              ],
              "gives": [
                {
                  "item": "minecraft:banner:6",
                  "quantity": 1
                }
              ],
              "trader_exp": 30,
              "max_uses": 9999,
              "reward_exp": true
            },
            {
              "wants": [
                {
                  "item": "minecraft:emerald",
                  "quantity": 3,
                  "price_multiplier": 0.05
                }
              ],
              "gives": [
                {
                  "item": "minecraft:banner:7",
                  "quantity": 1
                }
              ],
              "trader_exp": 30,
              "max_uses": 9999,
              "reward_exp": true
            },
            {
              "wants": [
                {
                  "item": "minecraft:emerald",
                  "quantity": 3,
                  "price_multiplier": 0.05
                }
              ],
              "gives": [
                {
                  "item": "minecraft:banner:8",
                  "quantity": 1
                }
              ],
              "trader_exp": 30,
              "max_uses": 9999,
              "reward_exp": true
            },
            {
              "wants": [
                {
                  "item": "minecraft:emerald",
                  "quantity": 3,
                  "price_multiplier": 0.05
                }
              ],
              "gives": [
                {
                  "item": "minecraft:banner:9",
                  "quantity": 1
                }
              ],
              "trader_exp": 30,
              "max_uses": 9999,
              "reward_exp": true
            },
            {
              "wants": [
                {
                  "item": "minecraft:emerald",
                  "quantity": 3,
                  "price_multiplier": 0.05
                }
              ],
              "gives": [
                {
                  "item": "minecraft:banner:10",
                  "quantity": 1
                }
              ],
              "trader_exp": 30,
              "max_uses": 9999,
              "reward_exp": true
            },
            {
              "wants": [
                {
                  "item": "minecraft:emerald",
                  "quantity": 3,
                  "price_multiplier": 0.05
                }
              ],
              "gives": [
                {
                  "item": "minecraft:banner:11",
                  "quantity": 1
                }
              ],
              "trader_exp": 30,
              "max_uses": 9999,
              "reward_exp": true
            },
            {
              "wants": [
                {
                  "item": "minecraft:emerald",
                  "quantity": 3,
                  "price_multiplier": 0.05
                }
              ],
              "gives": [
                {
                  "item": "minecraft:banner:12",
                  "quantity": 1
                }
              ],
              "trader_exp": 30,
              "max_uses": 9999,
              "reward_exp": true
            },
            {
              "wants": [
                {
                  "item": "minecraft:emerald",
                  "quantity": 3,
                  "price_multiplier": 0.05
                }
              ],
              "gives": [
                {
                  "item": "minecraft:banner:13",
                  "quantity": 1
                }
              ],
              "trader_exp": 30,
              "max_uses": 9999,
              "reward_exp": true
            },
            {
              "wants": [
                {
                  "item": "minecraft:emerald",
                  "quantity": 3,
                  "price_multiplier": 0.05
                }
              ],
              "gives": [
                {
                  "item": "minecraft:banner:14",
                  "quantity": 1
                }
              ],
              "trader_exp": 30,
              "max_uses": 9999,
              "reward_exp": true
            },
            {
              "wants": [
                {
                  "item": "minecraft:emerald",
                  "quantity": 3,
                  "price_multiplier": 0.05
                }
              ],
              "gives": [
                {
                  "item": "minecraft:banner:15",
                  "quantity": 1
                }
              ],
              "trader_exp": 30,
              "max_uses": 9999,
              "reward_exp": true
            }
          ]
        }
      ]
    },
    {
      "total_exp_required": 310,
      "groups": [
        {
          "num_to_select": 1,
          "trades": [
            {
              "wants": [
                {
                  "item": "minecraft:emerald",
                  "quantity": 2,
                  "price_multiplier": 0.05
                }
              ],
              "gives": [
                {
                  "item": "minecraft:painting",
                  "quantity": 3
                }
              ],
              "trader_exp": 0,
              "max_uses": 9999,
              "reward_exp": true
            }
          ]
        }
      ]
    }
  ]
}
